{
  "stage1_identity": {
    "Baseline": {
      "accuracy": 0.01883308714918759,
      "precision@5": 0.01883308714918759,
      "precision@10": 0.01883308714918759,
      "precision@20": 0.01883308714918759,
      "mrr": 0.01883308714918759,
      "topk_curve": {
        "1": 0.01883308714918759,
        "2": 0.01883308714918759,
        "3": 0.01883308714918759,
        "4": 0.01883308714918759,
        "5": 0.01883308714918759,
        "6": 0.01883308714918759,
        "7": 0.01883308714918759,
        "8": 0.01883308714918759,
        "9": 0.01883308714918759,
        "10": 0.01883308714918759,
        "11": 0.01883308714918759,
        "12": 0.01883308714918759,
        "13": 0.01883308714918759,
        "14": 0.01883308714918759,
        "15": 0.01883308714918759,
        "16": 0.01883308714918759,
        "17": 0.01883308714918759,
        "18": 0.01883308714918759,
        "19": 0.01883308714918759,
        "20": 0.01883308714918759
      },
      "random_baseline": 0.00036927621861152144,
      "improvement_factor": 50.99999999999999,
      "n_test_nodes": 2708
    }
  },
  "stage1_attribute": {
    "RandomForest": {
      "accuracy": 0.5928270042194093,
      "f1_macro": 0.532240692115116,
      "f1_micro": 0.5928270042194093,
      "f1_weighted": 0.5600640105213669,
      "n_test_samples": 1896
    },
    "LabelPropagation": {
      "accuracy": 0.8290126861555432,
      "f1_macro": 0.8220633654862219,
      "n_test_samples": 1813
    }
  },
  "stage2_robustness": {
    "1.0": {
      "accuracy": 0.01809453471196455,
      "precision@5": 0.01809453471196455,
      "precision@10": 0.01809453471196455,
      "precision@20": 0.01809453471196455,
      "mrr": 0.01809453471196455,
      "topk_curve": {
        "1": 0.01809453471196455,
        "2": 0.01809453471196455,
        "3": 0.01809453471196455,
        "4": 0.01809453471196455,
        "5": 0.01809453471196455,
        "6": 0.01809453471196455,
        "7": 0.01809453471196455,
        "8": 0.01809453471196455,
        "9": 0.01809453471196455,
        "10": 0.01809453471196455,
        "11": 0.01809453471196455,
        "12": 0.01809453471196455,
        "13": 0.01809453471196455,
        "14": 0.01809453471196455,
        "15": 0.01809453471196455,
        "16": 0.01809453471196455,
        "17": 0.01809453471196455,
        "18": 0.01809453471196455,
        "19": 0.01809453471196455,
        "20": 0.01809453471196455
      },
      "random_baseline": 0.00036927621861152144,
      "improvement_factor": 48.99999999999999,
      "n_test_nodes": 2708
    },
    "0.9": {
      "accuracy": 0.016617429837518464,
      "precision@5": 0.016617429837518464,
      "precision@10": 0.016617429837518464,
      "precision@20": 0.016617429837518464,
      "mrr": 0.016617429837518464,
      "topk_curve": {
        "1": 0.016617429837518464,
        "2": 0.016617429837518464,
        "3": 0.016617429837518464,
        "4": 0.016617429837518464,
        "5": 0.016617429837518464,
        "6": 0.016617429837518464,
        "7": 0.016617429837518464,
        "8": 0.016617429837518464,
        "9": 0.016617429837518464,
        "10": 0.016617429837518464,
        "11": 0.016617429837518464,
        "12": 0.016617429837518464,
        "13": 0.016617429837518464,
        "14": 0.016617429837518464,
        "15": 0.016617429837518464,
        "16": 0.016617429837518464,
        "17": 0.016617429837518464,
        "18": 0.016617429837518464,
        "19": 0.016617429837518464,
        "20": 0.016617429837518464
      },
      "random_baseline": 0.00036927621861152144,
      "improvement_factor": 45.0,
      "n_test_nodes": 2708
    },
    "0.8": {
      "accuracy": 0.008862629246676515,
      "precision@5": 0.008862629246676515,
      "precision@10": 0.008862629246676515,
      "precision@20": 0.008862629246676515,
      "mrr": 0.008862629246676515,
      "topk_curve": {
        "1": 0.008862629246676515,
        "2": 0.008862629246676515,
        "3": 0.008862629246676515,
        "4": 0.008862629246676515,
        "5": 0.008862629246676515,
        "6": 0.008862629246676515,
        "7": 0.008862629246676515,
        "8": 0.008862629246676515,
        "9": 0.008862629246676515,
        "10": 0.008862629246676515,
        "11": 0.008862629246676515,
        "12": 0.008862629246676515,
        "13": 0.008862629246676515,
        "14": 0.008862629246676515,
        "15": 0.008862629246676515,
        "16": 0.008862629246676515,
        "17": 0.008862629246676515,
        "18": 0.008862629246676515,
        "19": 0.008862629246676515,
        "20": 0.008862629246676515
      },
      "random_baseline": 0.00036927621861152144,
      "improvement_factor": 24.0,
      "n_test_nodes": 2708
    },
    "0.7": {
      "accuracy": 0.0051698670605613,
      "precision@5": 0.0051698670605613,
      "precision@10": 0.0051698670605613,
      "precision@20": 0.0051698670605613,
      "mrr": 0.0051698670605613,
      "topk_curve": {
        "1": 0.0051698670605613,
        "2": 0.0051698670605613,
        "3": 0.0051698670605613,
        "4": 0.0051698670605613,
        "5": 0.0051698670605613,
        "6": 0.0051698670605613,
        "7": 0.0051698670605613,
        "8": 0.0051698670605613,
        "9": 0.0051698670605613,
        "10": 0.0051698670605613,
        "11": 0.0051698670605613,
        "12": 0.0051698670605613,
        "13": 0.0051698670605613,
        "14": 0.0051698670605613,
        "15": 0.0051698670605613,
        "16": 0.0051698670605613,
        "17": 0.0051698670605613,
        "18": 0.0051698670605613,
        "19": 0.0051698670605613,
        "20": 0.0051698670605613
      },
      "random_baseline": 0.00036927621861152144,
      "improvement_factor": 13.999999999999998,
      "n_test_nodes": 2708
    },
    "0.5": {
      "accuracy": 0.0029542097488921715,
      "precision@5": 0.0029542097488921715,
      "precision@10": 0.0029542097488921715,
      "precision@20": 0.0029542097488921715,
      "mrr": 0.0029542097488921715,
      "topk_curve": {
        "1": 0.0029542097488921715,
        "2": 0.0029542097488921715,
        "3": 0.0029542097488921715,
        "4": 0.0029542097488921715,
        "5": 0.0029542097488921715,
        "6": 0.0029542097488921715,
        "7": 0.0029542097488921715,
        "8": 0.0029542097488921715,
        "9": 0.0029542097488921715,
        "10": 0.0029542097488921715,
        "11": 0.0029542097488921715,
        "12": 0.0029542097488921715,
        "13": 0.0029542097488921715,
        "14": 0.0029542097488921715,
        "15": 0.0029542097488921715,
        "16": 0.0029542097488921715,
        "17": 0.0029542097488921715,
        "18": 0.0029542097488921715,
        "19": 0.0029542097488921715,
        "20": 0.0029542097488921715
      },
      "random_baseline": 0.00036927621861152144,
      "improvement_factor": 8.0,
      "n_test_nodes": 2708
    }
  },
  "stage3_defense": {
    "0.5": {
      "privacy": {
        "attack_success_before": 0.023633677991137372,
        "attack_success_after": 0.009970457902511078,
        "absolute_privacy_gain": 0.013663220088626294,
        "relative_privacy_gain": 0.578125,
        "privacy_improvement_factor": 0.421875
      },
      "utility": {
        "edge_perturbation_ratio": 0.0027138459893083144,
        "degree_mae": 7.327178729689808,
        "clustering_diff": 0.20988193785005452,
        "avg_path_diff": 2.8095191209488863,
        "modularity_preservation": 0.39229372576976995,
        "centrality_preservation": 0.5979739414756617
      }
    },
    "1.0": {
      "privacy": {
        "attack_success_before": 0.023633677991137372,
        "attack_success_after": 0.014032496307237814,
        "absolute_privacy_gain": 0.009601181683899559,
        "relative_privacy_gain": 0.40625000000000006,
        "privacy_improvement_factor": 0.59375
      },
      "utility": {
        "edge_perturbation_ratio": 0.0019512844591869976,
        "degree_mae": 5.270310192023634,
        "clustering_diff": 0.19668584615689533,