{
  "stage1_identity": {
    "Baseline": {
      "accuracy": 0.0155096011816839,
      "precision@5": 0.0155096011816839,
      "precision@10": 0.0155096011816839,
      "precision@20": 0.0155096011816839,
      "mrr": 0.0155096011816839,
      "topk_curve": {
        "1": 0.0155096011816839,
        "2": 0.0155096011816839,
        "3": 0.0155096011816839,
        "4": 0.0155096011816839,
        "5": 0.0155096011816839,
        "6": 0.0155096011816839,
        "7": 0.0155096011816839,
        "8": 0.0155096011816839,
        "9": 0.0155096011816839,
        "10": 0.0155096011816839,
        "11": 0.0155096011816839,
        "12": 0.0155096011816839,
        "13": 0.0155096011816839,
        "14": 0.0155096011816839,
        "15": 0.0155096011816839,
        "16": 0.0155096011816839,
        "17": 0.0155096011816839,
        "18": 0.0155096011816839,
        "19": 0.0155096011816839,
        "20": 0.0155096011816839
      },
      "random_baseline": 0.00036927621861152144,
      "improvement_factor": 42.0,
      "n_test_nodes": 2708
    }
  },
  "stage1_attribute": {
    "RandomForest": {
      "accuracy": 0.5859704641350211,
      "f1_macro": 0.5183895434875845,
      "f1_micro": 0.5859704641350211,
      "f1_weighted": 0.5545512177338966,
      "n_test_samples": 1896
    },
    "LabelPropagation": {
      "accuracy": 0.8275109170305677,
      "f1_macro": 0.8083456178363412,
      "n_test_samples": 1832
    }
  },
  "stage2_robustness": {
    "1.0": {
      "accuracy": 0.016986706056129987,
      "precision@5": 0.016986706056129987,
      "precision@10": 0.016986706056129987,
      "precision@20": 0.016986706056129987,
      "mrr": 0.016986706056129987,
      "topk_curve": {
        "1": 0.016986706056129987,
        "2": 0.016986706056129987,
        "3": 0.016986706056129987,
        "4": 0.016986706056129987,
        "5": 0.016986706056129987,
        "6": 0.016986706056129987,
        "7": 0.016986706056129987,
        "8": 0.016986706056129987,
        "9": 0.016986706056129987,
        "10": 0.016986706056129987,
        "11": 0.016986706056129987,
        "12": 0.016986706056129987,
        "13": 0.016986706056129987,
        "14": 0.016986706056129987,
        "15": 0.016986706056129987,
        "16": 0.016986706056129987,
        "17": 0.016986706056129987,
        "18": 0.016986706056129987,
        "19": 0.016986706056129987,
        "20": 0.016986706056129987
      },
      "random_baseline": 0.00036927621861152144,
      "improvement_factor": 46.0,
      "n_test_nodes": 2708
    },
    "0.9": {
      "accuracy": 0.01070901033973412,
      "precision@5": 0.01070901033973412,
      "precision@10": 0.01070901033973412,
      "precision@20": 0.01070901033973412,
      "mrr": 0.01070901033973412,
      "topk_curve": {
        "1": 0.01070901033973412,
        "2": 0.01070901033973412,
        "3": 0.01070901033973412,
        "4": 0.01070901033973412,
        "5": 0.01070901033973412,
        "6": 0.01070901033973412,
        "7": 0.01070901033973412,
        "8": 0.01070901033973412,
        "9": 0.01070901033973412,
        "10": 0.01070901033973412,
        "11": 0.01070901033973412,
        "12": 0.01070901033973412,
        "13": 0.01070901033973412,
        "14": 0.01070901033973412,
        "15": 0.01070901033973412,
        "16": 0.01070901033973412,
        "17": 0.01070901033973412,
        "18": 0.01070901033973412,
        "19": 0.01070901033973412,
        "20": 0.01070901033973412
      },
      "random_baseline": 0.00036927621861152144,
      "improvement_factor": 28.999999999999996,
      "n_test_nodes": 2708
    },
    "0.8": {
      "accuracy": 0.0066469719350073855,
      "precision@5": 0.0066469719350073855,
      "precision@10": 0.0066469719350073855,
      "precision@20": 0.0066469719350073855,
      "mrr": 0.0066469719350073855,
      "topk_curve": {
        "1": 0.0066469719350073855,
        "2": 0.0066469719350073855,
        "3": 0.0066469719350073855,
        "4": 0.0066469719350073855,
        "5": 0.0066469719350073855,
        "6": 0.0066469719350073855,
        "7": 0.0066469719350073855,
        "8": 0.0066469719350073855,
        "9": 0.0066469719350073855,
        "10": 0.0066469719350073855,
        "11": 0.0066469719350073855,
        "12": 0.0066469719350073855,
        "13": 0.0066469719350073855,
        "14": 0.0066469719350073855,
        "15": 0.0066469719350073855,
        "16": 0.0066469719350073855,
        "17": 0.0066469719350073855,
        "18": 0.0066469719350073855,
        "19": 0.0066469719350073855,
        "20": 0.0066469719350073855
      },
      "random_baseline": 0.00036927621861152144,
      "improvement_factor": 18.0,
      "n_test_nodes": 2708
    },
    "0.7": {
      "accuracy": 0.0048005908419497785,
      "precision@5": 0.0048005908419497785,
      "precision@10": 0.0048005908419497785,
      "precision@20": 0.0048005908419497785,
      "mrr": 0.0048005908419497785,
      "topk_curve": {
        "1": 0.0048005908419497785,
        "2": 0.0048005908419497785,
        "3": 0.0048005908419497785,
        "4": 0.0048005908419497785,
        "5": 0.0048005908419497785,
        "6": 0.0048005908419497785,
        "7": 0.0048005908419497785,
        "8": 0.0048005908419497785,
        "9": 0.0048005908419497785,
        "10": 0.0048005908419497785,
        "11": 0.0048005908419497785,
        "12": 0.0048005908419497785,
        "13": 0.0048005908419497785,
        "14": 0.0048005908419497785,
        "15": 0.0048005908419497785,
        "16": 0.0048005908419497785,
        "17": 0.0048005908419497785,
        "18": 0.0048005908419497785,
        "19": 0.0048005908419497785,
        "20": 0.0048005908419497785
      },
      "random_baseline": 0.00036927621861152144,
      "improvement_factor": 13.0,
      "n_test_nodes": 2708
    },
    "0.5": {
      "accuracy": 0.004431314623338257,
      "precision@5": 0.004431314623338257,
      "precision@10": 0.004431314623338257,
      "precision@20": 0.004431314623338257,
      "mrr": 0.004431314623338257,
      "topk_curve": {
        "1": 0.004431314623338257,
        "2": 0.004431314623338257,
        "3": 0.004431314623338257,
        "4": 0.004431314623338257,
        "5": 0.004431314623338257,
        "6": 0.004431314623338257,
        "7": 0.004431314623338257,
        "8": 0.004431314623338257,
        "9": 0.004431314623338257,
        "10": 0.004431314623338257,
        "11": 0.004431314623338257,
        "12": 0.004431314623338257,
        "13": 0.004431314623338257,
        "14": 0.004431314623338257,
        "15": 0.004431314623338257,
        "16": 0.004431314623338257,
        "17": 0.004431314623338257,
        "18": 0.004431314623338257,
        "19": 0.004431314623338257,
        "20": 0.004431314623338257
      },
      "random_baseline": 0.00036927621861152144,
      "improvement_factor": 12.0,
      "n_test_nodes": 2708
    }
  },
  "stage3_defense": {
    "0.5": {
      "privacy": {
        "attack_success_before": 0.023633677991137372,
        "attack_success_after": 0.009970457902511078,
        "absolute_privacy_gain": 0.013663220088626294,
        "relative_privacy_gain": 0.578125,
        "privacy_improvement_factor": 0.421875
      },
      "utility": {
        "edge_perturbation_ratio": 0.0027138459893083144,
        "degree_mae": 7.327178729689808,
        "clustering_diff": 0.20988193785005452,
        "avg_path_diff": 2.8095191209488863,
        "modularity_preservation": 0.39229372576976995,
        "centrality_preservation": 0.5979739414756617
      }
    },
    "1.0": {
      "privacy": {
        "attack_success_before": 0.023633677991137372,
        "attack_success_after": 0.014032496307237814,
        "absolute_privacy_gain": 0.009601181683899559,
        "relative_privacy_gain": 0.40625000000000006,
        "privacy_improvement_factor": 0.59375
      },
      "utility": {
        "edge_perturbation_ratio": 0.0019512844591869976,
        "degree_mae": 5.270310192023634,