{
  "stage1_identity": {
    "Baseline": {
      "accuracy": 0.019571639586410634,
      "precision@5": 0.07570162481536188,
      "precision@10": 0.11595273264401773,
      "precision@20": 0.11595273264401773,
      "mrr": 0.043394351832313424,
      "topk_curve": {
        "1": 0.019571639586410634,
        "2": 0.03655834564254062,
        "3": 0.04948301329394387,
        "4": 0.06351550960118169,
        "5": 0.07570162481536188,
        "6": 0.08234859675036928,
        "7": 0.08862629246676514,
        "8": 0.0982274741506647,
        "9": 0.10709010339734121,
        "10": 0.11595273264401773,
        "11": 0.11595273264401773,
        "12": 0.11595273264401773,
        "13": 0.11595273264401773,
        "14": 0.11595273264401773,
        "15": 0.11595273264401773,
        "16": 0.11595273264401773,
        "17": 0.11595273264401773,
        "18": 0.11595273264401773,
        "19": 0.11595273264401773,
        "20": 0.11595273264401773
      },
      "random_baseline": 0.00036927621861152144,
      "improvement_factor": 52.99999999999999,
      "n_test_nodes": 2708
    },
    "DeepWalk": {
      "accuracy": 0.0,
      "precision@5": 0.001846381093057607,
      "precision@10": 0.0033234859675036928,
      "precision@20": 0.0033234859675036928,
      "mrr": 0.0006493106843919251,
      "topk_curve": {
        "1": 0.0,
        "2": 0.0,
        "3": 0.0007385524372230429,
        "4": 0.0007385524372230429,
        "5": 0.001846381093057607,
        "6": 0.0022156573116691287,
        "7": 0.0022156573116691287,
        "8": 0.00258493353028065,
        "9": 0.00258493353028065,
        "10": 0.0033234859675036928,
        "11": 0.0033234859675036928,
        "12": 0.0033234859675036928,
        "13": 0.0033234859675036928,
        "14": 0.0033234859675036928,
        "15": 0.0033234859675036928,
        "16": 0.0033234859675036928,
        "17": 0.0033234859675036928,
        "18": 0.0033234859675036928,
        "19": 0.0033234859675036928,
        "20": 0.0033234859675036928
      },
      "random_baseline": 0.00036927621861152144,
      "improvement_factor": 0.0,
      "n_test_nodes": 2708
    },
    "DeepWalk+Seed": {
      "accuracy": 0.04985228951255539,
      "precision@5": 0.051698670605613,
      "precision@10": 0.053175775480059084,
      "precision@20": 0.053175775480059084,
      "mrr": 0.05053237321516495,
      "topk_curve": {
        "1": 0.04985228951255539,
        "2": 0.04985228951255539,
        "3": 0.050590841949778434,
        "4": 0.051698670605613,
        "5": 0.051698670605613,
        "6": 0.051698670605613,
        "7": 0.051698670605613,
        "8": 0.05206794682422452,
        "9": 0.05206794682422452,
        "10": 0.053175775480059084,
        "11": 0.053175775480059084,
        "12": 0.053175775480059084,
        "13": 0.053175775480059084,
        "14": 0.053175775480059084,
        "15": 0.053175775480059084,
        "16": 0.053175775480059084,
        "17": 0.053175775480059084,
        "18": 0.053175775480059084,
        "19": 0.053175775480059084,
        "20": 0.053175775480059084
      },
      "random_baseline": 0.00036927621861152144,
      "improvement_factor": 134.99999999999997,
      "n_test_nodes": 2708
    }
  },
  "stage1_attribute": {
    "RandomForest": {
      "accuracy": 0.6112869198312236,
      "f1_macro": 0.5537952491052215,
      "f1_micro": 0.6112869198312236,
      "f1_weighted": 0.5866163827811421,
      "n_test_samples": 1896
    },
    "LabelPropagation": {
      "accuracy": 0.8207391064533922,
      "f1_macro": 0.8087222184926736,
      "n_test_samples": 1813
    }
  },
  "stage2_robustness": {
    "1.0": {
      "accuracy": 0.0155096011816839,
      "precision@5": 0.06979320531757754,
      "precision@10": 0.11262924667651403,
      "precision@20": 0.11262924667651403,
      "mrr": 0.04005811704297672,
      "topk_curve": {
        "1": 0.0155096011816839,
        "2": 0.03471196454948301,
        "3": 0.04689807976366322,
        "4": 0.061299852289512555,
        "5": 0.06979320531757754,
        "6": 0.07791728212703102,
        "7": 0.086410635155096,
        "8": 0.09933530280649926,
        "9": 0.10598227474150665,
        "10": 0.11262924667651403,
        "11": 0.11262924667651403,
        "12": 0.11262924667651403,
        "13": 0.11262924667651403,
        "14": 0.11262924667651403,
        "15": 0.11262924667651403,
        "16": 0.11262924667651403,
        "17": 0.11262924667651403,
        "18": 0.11262924667651403,
        "19": 0.11262924667651403,
        "20": 0.11262924667651403
      },
      "random_baseline": 0.00036927621861152144,
      "improvement_factor": 42.0,
      "n_test_nodes": 2708
    },
    "0.9": {
      "accuracy": 0.011078286558345642,
      "precision@5": 0.04615952732644018,
      "precision@10": 0.07607090103397342,
      "precision@20": 0.07607090103397342,
      "mrr": 0.02659448195821903,
      "topk_curve": {
        "1": 0.011078286558345642,
        "2": 0.019571639586410634,
        "3": 0.030649926144756277,
        "4": 0.04062038404726736,
        "5": 0.04615952732644018,
        "6": 0.053175775480059084,
        "7": 0.061299852289512555,
        "8": 0.06610044313146234,
        "9": 0.0705317577548006,
        "10": 0.07607090103397342,
        "11": 0.07607090103397342,
        "12": 0.07607090103397342,
        "13": 0.07607090103397342,
        "14": 0.07607090103397342,
        "15": 0.07607090103397342,
        "16": 0.07607090103397342,
        "17": 0.07607090103397342,
        "18": 0.07607090103397342,
        "19": 0.07607090103397342,
        "20": 0.07607090103397342
      },
      "random_baseline": 0.00036927621861152144,
      "improvement_factor": 29.999999999999996,
      "n_test_nodes": 2708
    },
    "0.8": {
      "accuracy": 0.011816838995568686,
      "precision@5": 0.04025110782865583,
      "precision@10": 0.05982274741506647,
      "precision@20": 0.05982274741506647,
      "mrr": 0.024248259126397973,
      "topk_curve": {
        "1": 0.011816838995568686,
        "2": 0.021048744460856722,
        "3": 0.02880354505169867,
        "4": 0.03581979320531758,
        "5": 0.04025110782865583,
        "6": 0.044682422451994094,
        "7": 0.04911373707533235,
        "8": 0.053545051698670604,
        "9": 0.0568685376661743,
        "10": 0.05982274741506647,
        "11": 0.05982274741506647,
        "12": 0.05982274741506647,
        "13": 0.05982274741506647,
        "14": 0.05982274741506647,
        "15": 0.05982274741506647,
        "16": 0.05982274741506647,
        "17": 0.05982274741506647,
        "18": 0.05982274741506647,
        "19": 0.05982274741506647,
        "20": 0.05982274741506647
      },
      "random_baseline": 0.00036927621861152144,
      "improvement_factor": 32.0,
      "n_test_nodes": 2708
    },
    "0.7": {
      "accuracy": 0.009231905465288036,
      "precision@5": 0.025480059084194977,
      "precision@10": 0.039512555391432794,
      "precision@20": 0.039512555391432794,
      "mrr": 0.016656995146655414,
      "topk_curve": {
        "1": 0.009231905465288036,
        "2": 0.014401772525849335,
        "3": 0.01846381093057607,
        "4": 0.021048744460856722,
        "5": 0.025480059084194977,
        "6": 0.029911373707533235,
        "7": 0.03471196454948301,
        "8": 0.0361890694239291,
        "9": 0.03729689807976366,
        "10": 0.039512555391432794,
        "11": 0.039512555391432794,
        "12": 0.039512555391432794,
        "13": 0.039512555391432794,
        "14": 0.039512555391432794,
        "15": 0.039512555391432794,
        "16": 0.039512555391432794,
        "17": 0.039512555391432794,
        "18": 0.039512555391432794,
        "19": 0.039512555391432794,
        "20": 0.039512555391432794
      },
      "random_baseline": 0.00036927621861152144,
      "improvement_factor": 25.0,
      "n_test_nodes": 2708
    },
    "0.5": {
      "accuracy": 0.00258493353028065,
      "precision@5": 0.012555391432791729,