{
  "stage1_identity": {
    "Baseline": {
      "accuracy": 0.01955929685565734,
      "precision@5": 0.06684822975984155,
      "precision@10": 0.1086902698687794,
      "precision@20": 0.1086902698687794,
      "mrr": 0.040798347068463435,
      "topk_curve": {
        "1": 0.01955929685565734,
        "2": 0.03317652884377321,
        "3": 0.0460510027234464,
        "4": 0.057439960386234216,
        "5": 0.06684822975984155,
        "6": 0.07427581084426839,
        "7": 0.08492201039861352,
        "8": 0.09061648923000742,
        "9": 0.10250061896509037,
        "10": 0.1086902698687794,
        "11": 0.1086902698687794,
        "12": 0.1086902698687794,
        "13": 0.1086902698687794,
        "14": 0.1086902698687794,
        "15": 0.1086902698687794,
        "16": 0.1086902698687794,
        "17": 0.1086902698687794,
        "18": 0.1086902698687794,
        "19": 0.1086902698687794,
        "20": 0.1086902698687794
      },
      "random_baseline": 0.0002475860361475613,
      "improvement_factor": 79.0,
      "n_test_nodes": 4039
    },
    "DeepWalk": {
      "accuracy": 0.0002475860361475613,
      "precision@5": 0.0012379301807378064,
      "precision@10": 0.0017331022530329288,
      "precision@20": 0.0017331022530329288,
      "mrr": 0.0006089437508105496,
      "topk_curve": {
        "1": 0.0002475860361475613,
        "2": 0.0004951720722951226,
        "3": 0.0004951720722951226,
        "4": 0.0007427581084426838,
        "5": 0.0012379301807378064,
        "6": 0.0014855162168853676,
        "7": 0.0017331022530329288,
        "8": 0.0017331022530329288,
        "9": 0.0017331022530329288,
        "10": 0.0017331022530329288,
        "11": 0.0017331022530329288,
        "12": 0.0017331022530329288,
        "13": 0.0017331022530329288,
        "14": 0.0017331022530329288,
        "15": 0.0017331022530329288,
        "16": 0.0017331022530329288,
        "17": 0.0017331022530329288,
        "18": 0.0017331022530329288,
        "19": 0.0017331022530329288,
        "20": 0.0017331022530329288
      },
      "random_baseline": 0.0002475860361475613,
      "improvement_factor": 1.0,
      "n_test_nodes": 4039
    },
    "DeepWalk+Seed": {
      "accuracy": 0.05001237930180738,
      "precision@5": 0.05100272344639762,
      "precision@10": 0.05149789551869274,
      "precision@20": 0.05149789551869274,
      "mrr": 0.05037373701647036,
      "topk_curve": {
        "1": 0.05001237930180738,
        "2": 0.05025996533795494,
        "3": 0.05025996533795494,
        "4": 0.050507551374102504,
        "5": 0.05100272344639762,
        "6": 0.051250309482545185,
        "7": 0.05149789551869274,
        "8": 0.05149789551869274,
        "9": 0.05149789551869274,
        "10": 0.05149789551869274,
        "11": 0.05149789551869274,
        "12": 0.05149789551869274,
        "13": 0.05149789551869274,
        "14": 0.05149789551869274,
        "15": 0.05149789551869274,
        "16": 0.05149789551869274,
        "17": 0.05149789551869274,
        "18": 0.05149789551869274,
        "19": 0.05149789551869274,
        "20": 0.05149789551869274
      },
      "random_baseline": 0.0002475860361475613,
      "improvement_factor": 202.0,
      "n_test_nodes": 4039
    }
  },
  "stage1_attribute": {},
  "stage2_robustness": {
    "1.0": {
      "accuracy": 0.018321366674919536,
      "precision@5": 0.06536271354295618,
      "precision@10": 0.10769992572418915,
      "precision@20": 0.10769992572418915,
      "mrr": 0.03942758501436392,
      "topk_curve": {
        "1": 0.018321366674919536,
        "2": 0.030700668482297598,
        "3": 0.04382272839811835,
        "4": 0.05644961624164397,
        "5": 0.06536271354295618,
        "6": 0.07551374102500619,
        "7": 0.08492201039861352,
        "8": 0.09309234959148303,
        "9": 0.10076751671205744,
        "10": 0.10769992572418915,
        "11": 0.10769992572418915,
        "12": 0.10769992572418915,
        "13": 0.10769992572418915,
        "14": 0.10769992572418915,
        "15": 0.10769992572418915,
        "16": 0.10769992572418915,
        "17": 0.10769992572418915,
        "18": 0.10769992572418915,
        "19": 0.10769992572418915,
        "20": 0.10769992572418915
      },
      "random_baseline": 0.0002475860361475613,
      "improvement_factor": 74.0,
      "n_test_nodes": 4039
    },
    "0.9": {
      "accuracy": 0.01931171081950978,
      "precision@5": 0.06214409507303788,
      "precision@10": 0.10819509779648427,
      "precision@20": 0.10819509779648427,
      "mrr": 0.03933709821305761,
      "topk_curve": {
        "1": 0.01931171081950978,
        "2": 0.03094825451844516,
        "3": 0.04134686803664273,
        "4": 0.05248823966328299,
        "5": 0.06214409507303788,
        "6": 0.07254270859123546,
        "7": 0.08393166625402328,
        "8": 0.09036890319385987,
        "9": 0.09730131220599159,
        "10": 0.10819509779648427,
        "11": 0.10819509779648427,
        "12": 0.10819509779648427,
        "13": 0.10819509779648427,
        "14": 0.10819509779648427,
        "15": 0.10819509779648427,
        "16": 0.10819509779648427,
        "17": 0.10819509779648427,
        "18": 0.10819509779648427,
        "19": 0.10819509779648427,
        "20": 0.10819509779648427
      },
      "random_baseline": 0.0002475860361475613,
      "improvement_factor": 78.0,
      "n_test_nodes": 4039
    },
    "0.8": {
      "accuracy": 0.014607576132706116,
      "precision@5": 0.05298341173557811,
      "precision@10": 0.09160683337459767,
      "precision@20": 0.09160683337459767,
      "mrr": 0.03233277135233065,
      "topk_curve": {
        "1": 0.014607576132706116,
        "2": 0.025253775687051252,
        "3": 0.036395147313691506,
        "4": 0.043575142361970784,
        "5": 0.05298341173557811,
        "6": 0.059915820747709826,
        "7": 0.06981926219361229,
        "8": 0.07724684327803912,
        "9": 0.08417925229017083,
        "10": 0.09160683337459767,
        "11": 0.09160683337459767,
        "12": 0.09160683337459767,
        "13": 0.09160683337459767,
        "14": 0.09160683337459767,
        "15": 0.09160683337459767,
        "16": 0.09160683337459767,
        "17": 0.09160683337459767,
        "18": 0.09160683337459767,
        "19": 0.09160683337459767,
        "20": 0.09160683337459767
      },
      "random_baseline": 0.0002475860361475613,
      "improvement_factor": 59.0,
      "n_test_nodes": 4039
    },
    "0.7": {
      "accuracy": 0.011884129735082941,
      "precision@5": 0.04530824461500371,
      "precision@10": 0.08046546174795742,
      "precision@20": 0.08046546174795742,
      "mrr": 0.027604369304047444,
      "topk_curve": {
        "1": 0.011884129735082941,
        "2": 0.021787571180985392,
        "3": 0.030453082446150036,
        "4": 0.03689031938598663,
        "5": 0.04530824461500371,
        "6": 0.05248823966328299,
        "7": 0.059915820747709826,
        "8": 0.06759098786828423,
        "9": 0.07501856895271107,
        "10": 0.08046546174795742,
        "11": 0.08046546174795742,
        "12": 0.08046546174795742,
        "13": 0.08046546174795742,
        "14": 0.08046546174795742,
        "15": 0.08046546174795742,
        "16": 0.08046546174795742,
        "17": 0.08046546174795742,
        "18": 0.08046546174795742,
        "19": 0.08046546174795742,
        "20": 0.08046546174795742
      },
      "random_baseline": 0.0002475860361475613,
      "improvement_factor": 48.0,
      "n_test_nodes": 4039
    },
    "0.5": {
      "accuracy": 0.008913097301312206,
      "precision@5": 0.038375835602872,
      "precision@10": 0.06561029957910373,
      "precision@20": 0.06561029957910373,
      "mrr": 0.02167330826033475,
      "topk_curve": {
        "1": 0.008913097301312206,
        "2": 0.01559792027729636,
        "3": 0.02277791532557564,
        "4": 0.029957910373854913,
        "5": 0.038375835602872,
        "6": 0.04407031443426591,
        "7": 0.049764793265659815,