{
  "dataset": "cora",
  "ego_id": null,
  "timestamp": "2025-12-29T21:42:40.115154",
  "graph_stats": {
    "nodes": 2708,
    "edges": 5278,
    "avg_degree": 3.8980797636632203,
    "density": 0.0014399999126942077,
    "nodes_with_attributes": 2708,
    "has_labels": true,
    "has_circles": false,
    "has_features": true
  },
  "deanonymization": [
    {
      "level": "温和",
      "method": "Baseline-Greedy",
      "accuracy": 0.29098966026587886,
      "precision@5": 0.5336041358936484,
      "precision@10": 0.6170605612998523,
      "precision@20": 0.6901772525849336,
      "mrr": 0.39998872210089353,
      "topk_curve": {
        "1": 0.29098966026587886,
        "2": 0.4065731166912851,
        "3": 0.46270310192023634,
        "4": 0.5055391432791728,
        "5": 0.5336041358936484,
        "6": 0.5542836041358936,
        "7": 0.5731166912850812,
        "8": 0.5912112259970458,
        "9": 0.604135893648449,
        "10": 0.6170605612998523,
        "11": 0.6288774002954209,
        "12": 0.6362629246676514,
        "13": 0.6447562776957164,
        "14": 0.6484490398818316,
        "15": 0.655096011816839,
        "16": 0.6635893648449039,
        "17": 0.6739290989660266,
        "18": 0.6802067946824224,
        "19": 0.6846381093057607,
        "20": 0.6901772525849336
      },
      "random_baseline": 0.00036927621861152144,
      "improvement_factor": 787.9999999999999,
      "n_test_nodes": 2708
    },
    {
      "level": "温和",
      "method": "Hungarian",
      "accuracy": 0.3423190546528804,
      "precision@5": 0.5520679468242246,
      "precision@10": 0.6070901033973413,
      "precision@20": 0.6717134416543574,
      "mrr": 0.43272751971750695,
      "topk_curve": {
        "1": 0.3423190546528804,
        "2": 0.4331610044313146,
        "3": 0.48670605612998524,
        "4": 0.5273264401772526,
        "5": 0.5520679468242246,
        "6": 0.5672082717872969,
        "7": 0.5790251107828656,
        "8": 0.5915805022156573,
        "9": 0.6004431314623339,
        "10": 0.6070901033973413,
        "11": 0.6163220088626292,
        "12": 0.6255539143279173,
        "13": 0.6355243722304283,
        "14": 0.6451255539143279,
        "15": 0.6491875923190547,
        "16": 0.6536189069423929,
        "17": 0.6595273264401772,
        "18": 0.6646971935007385,
        "19": 0.6687592319054653,
        "20": 0.6717134416543574
      },
      "random_baseline": 0.00036927621861152144,
      "improvement_factor": 927.0,
      "n_test_nodes": 2708
    },
    {
      "level": "温和",
      "method": "Node-Features",
      "accuracy": 0.9704579025110783,
      "precision@5": 0.9918759231905465,
      "precision@10": 0.9955686853766618,
      "precision@20": 0.9970457902511078,
      "mrr": 0.9802312665588145,
      "topk_curve": {
        "1": 0.9704579025110783,
        "2": 0.9852289512555391,
        "3": 0.9881831610044313,
        "4": 0.9903988183161004,
        "5": 0.9918759231905465,
        "6": 0.992245199409158,
        "7": 0.9929837518463811,
        "8": 0.9933530280649926,
        "9": 0.9940915805022157,
        "10": 0.9955686853766618,
        "11": 0.9955686853766618,
        "12": 0.9963072378138847,
        "13": 0.9963072378138847,
        "14": 0.9963072378138847,
        "15": 0.9970457902511078,
        "16": 0.9970457902511078,
        "17": 0.9970457902511078,
        "18": 0.9970457902511078,
        "19": 0.9970457902511078,
        "20": 0.9970457902511078
      },
      "random_baseline": 0.00036927621861152144,
      "improvement_factor": 2628.0,
      "n_test_nodes": 2708
    },
    {
      "level": "温和",
      "method": "DeepWalk",
      "accuracy": 0.0,
      "precision@5": 0.0014771048744460858,
      "precision@10": 0.003692762186115214,
      "precision@20": 0.0051698670605613,
      "mrr": 0.0010493759395648536,
      "topk_curve": {
        "1": 0.0,
        "2": 0.0011078286558345643,
        "3": 0.0011078286558345643,
        "4": 0.0014771048744460858,
        "5": 0.0014771048744460858,
        "6": 0.00258493353028065,
        "7": 0.0029542097488921715,
        "8": 0.0029542097488921715,
        "9": 0.0033234859675036928,
        "10": 0.003692762186115214,
        "11": 0.003692762186115214,
        "12": 0.003692762186115214,
        "13": 0.004062038404726735,
        "14": 0.004062038404726735,
        "15": 0.004062038404726735,
        "16": 0.004062038404726735,
        "17": 0.004062038404726735,
        "18": 0.004431314623338257,
        "19": 0.0051698670605613,
        "20": 0.0051698670605613
      },
      "random_baseline": 0.00036927621861152144,
      "improvement_factor": 0.0,
      "n_test_nodes": 2708
    },
    {
      "level": "中等",
      "method": "Baseline-Greedy",
      "accuracy": 0.08530280649926145,
      "precision@5": 0.24076809453471196,
      "precision@10": 0.3360413589364845,
      "precision@20": 0.41986706056129985,
      "mrr": 0.157332396768596,
      "topk_curve": {
        "1": 0.08530280649926145,
        "2": 0.1344165435745938,
        "3": 0.17946824224519942,
        "4": 0.21233382570162482,
        "5": 0.24076809453471196,
        "6": 0.2636632200886263,
        "7": 0.2858197932053176,
        "8": 0.3050221565731167,
        "9": 0.3245937961595273,
        "10": 0.3360413589364845,
        "11": 0.34859675036927623,
        "12": 0.36004431314623336,
        "13": 0.3685376661742984,
        "14": 0.37813884785819796,
        "15": 0.3858936484490399,
        "16": 0.39364844903988183,
        "17": 0.3995568685376662,
        "18": 0.4054652880354505,
        "19": 0.41285081240768096,
        "20": 0.41986706056129985
      },
      "random_baseline": 0.00036927621861152144,
      "improvement_factor": 230.99999999999997,
      "n_test_nodes": 2708
    },
    {
      "level": "中等",
      "method": "Hungarian",
      "accuracy": 0.11927621861152142,
      "precision@5": 0.27141802067946824,
      "precision@10": 0.3412112259970458,
      "precision@20": 0.42208271787296897,
      "mrr": 0.18921890080299855,
      "topk_curve": {
        "1": 0.11927621861152142,
        "2": 0.17725258493353027,
        "3": 0.21861152141802068,
        "4": 0.24926144756277696,
        "5": 0.27141802067946824,
        "6": 0.2928360413589365,
        "7": 0.3050221565731167,
        "8": 0.31868537666174296,
        "9": 0.3327178729689808,
        "10": 0.3412112259970458,
        "11": 0.35450516986706054,
        "12": 0.3637370753323486,
        "13": 0.37259970457902514,
        "14": 0.37961595273264404,
        "15": 0.39032496307237813,
        "16": 0.3962333825701625,
        "17": 0.40251107828655835,
        "18": 0.4098966026587888,
        "19": 0.4154357459379616,
        "20": 0.42208271787296897
      },
      "random_baseline": 0.00036927621861152144,
      "improvement_factor": 323.0,
      "n_test_nodes": 2708
    },
    {
      "level": "中等",
      "method": "Node-Features",
      "accuracy": 0.9734121122599705,
      "precision@5": 0.9933530280649926,
      "precision@10": 0.9963072378138847,
      "precision@20": 0.9981536189069424,
      "mrr": 0.9820634841729746,
      "topk_curve": {
        "1": 0.9734121122599705,
        "2": 0.9852289512555391,
        "3": 0.9889217134416544,
        "4": 0.9911373707533235,
        "5": 0.9933530280649926,
        "6": 0.9940915805022157,
        "7": 0.9948301329394387,
        "8": 0.9951994091580503,
        "9": 0.9963072378138847,
        "10": 0.9963072378138847,
        "11": 0.9963072378138847,
        "12": 0.9963072378138847,
        "13": 0.9966765140324964,
        "14": 0.9966765140324964,
        "15": 0.9970457902511078,
        "16": 0.9974150664697193,
        "17": 0.9974150664697193,
        "18": 0.9981536189069424,
        "19": 0.9981536189069424,
        "20": 0.9981536189069424
      },
      "random_baseline": 0.00036927621861152144,
      "improvement_factor": 2636.0,
      "n_test_nodes": 2708
    },
    {
      "level": "中等",