{
  "dataset": "cora",
  "ego_id": null,
  "timestamp": "2025-12-29T20:48:43.340492",
  "graph_stats": {
    "nodes": 2708,
    "edges": 5278,
    "avg_degree": 3.8980797636632203,
    "density": 0.0014399999126942077,
    "nodes_with_attributes": 2708,
    "has_labels": true,
    "has_circles": false,
    "has_features": true
  },
  "deanonymization": [
    {
      "level": "温和",
      "method": "Baseline-Greedy",
      "accuracy": 0.24261447562776958,
      "precision@5": 0.4815361890694239,
      "precision@10": 0.5657311669128509,
      "precision@20": 0.6418020679468243,
      "mrr": 0.34745243158208583,
      "topk_curve": {
        "1": 0.24261447562776958,
        "2": 0.3434268833087149,
        "3": 0.404357459379616,
        "4": 0.44719350073855246,
        "5": 0.4815361890694239,
        "6": 0.5044313146233382,
        "7": 0.5232644017725259,
        "8": 0.5380354505169868,
        "9": 0.5491137370753324,
        "10": 0.5657311669128509,
        "11": 0.5757016248153619,
        "12": 0.5864106351550961,
        "13": 0.5960118168389956,
        "14": 0.6026587887740029,
        "15": 0.6093057607090103,
        "16": 0.6185376661742984,
        "17": 0.6237075332348597,
        "18": 0.6310930576070901,
        "19": 0.6373707533234859,
        "20": 0.6418020679468243
      },
      "random_baseline": 0.00036927621861152144,
      "improvement_factor": 657.0,
      "n_test_nodes": 2708
    },
    {
      "level": "温和",
      "method": "Hungarian",
      "accuracy": 0.30243722304283605,
      "precision@5": 0.5088626292466765,
      "precision@10": 0.5805022156573116,
      "precision@20": 0.6454948301329394,
      "mrr": 0.39498152530617675,
      "topk_curve": {
        "1": 0.30243722304283605,
        "2": 0.3977104874446086,
        "3": 0.4479320531757755,
        "4": 0.4844903988183161,
        "5": 0.5088626292466765,
        "6": 0.5273264401772526,
        "7": 0.542466765140325,
        "8": 0.5576070901033974,
        "9": 0.5712703101920237,
        "10": 0.5805022156573116,
        "11": 0.5893648449039882,
        "12": 0.5993353028064993,
        "13": 0.6081979320531757,
        "14": 0.6163220088626292,
        "15": 0.620384047267356,
        "16": 0.6251846381093058,
        "17": 0.630354505169867,
        "18": 0.6366322008862629,
        "19": 0.6418020679468243,
        "20": 0.6454948301329394
      },
      "random_baseline": 0.00036927621861152144,
      "improvement_factor": 819.0,
      "n_test_nodes": 2708
    },
    {
      "level": "温和",
      "method": "Node-Features",
      "accuracy": 0.9715657311669128,
      "precision@5": 0.9940915805022157,
      "precision@10": 0.9963072378138847,
      "precision@20": 0.9985228951255539,
      "mrr": 0.9818050640890374,
      "topk_curve": {
        "1": 0.9715657311669128,
        "2": 0.9867060561299852,
        "3": 0.9911373707533235,
        "4": 0.9933530280649926,
        "5": 0.9940915805022157,
        "6": 0.9955686853766618,
        "7": 0.9959379615952733,
        "8": 0.9959379615952733,
        "9": 0.9963072378138847,
        "10": 0.9963072378138847,
        "11": 0.9963072378138847,
        "12": 0.9966765140324964,
        "13": 0.9970457902511078,
        "14": 0.9970457902511078,
        "15": 0.9974150664697193,
        "16": 0.9981536189069424,
        "17": 0.9981536189069424,
        "18": 0.9985228951255539,
        "19": 0.9985228951255539,
        "20": 0.9985228951255539
      },
      "random_baseline": 0.00036927621861152144,
      "improvement_factor": 2630.9999999999995,
      "n_test_nodes": 2708
    },
    {
      "level": "温和",
      "method": "DeepWalk",
      "accuracy": 0.0007385524372230429,
      "precision@5": 0.0022156573116691287,
      "precision@10": 0.004431314623338257,
      "precision@20": 0.007016248153618907,
      "mrr": 0.0017059102228289041,
      "topk_curve": {
        "1": 0.0007385524372230429,
        "2": 0.0011078286558345643,
        "3": 0.0011078286558345643,
        "4": 0.001846381093057607,
        "5": 0.0022156573116691287,
        "6": 0.0029542097488921715,
        "7": 0.004431314623338257,
        "8": 0.004431314623338257,
        "9": 0.004431314623338257,
        "10": 0.004431314623338257,
        "11": 0.005539143279172821,
        "12": 0.005539143279172821,
        "13": 0.005539143279172821,
        "14": 0.005908419497784343,
        "15": 0.005908419497784343,
        "16": 0.006277695716395864,
        "17": 0.006277695716395864,
        "18": 0.0066469719350073855,
        "19": 0.007016248153618907,
        "20": 0.007016248153618907
      },
      "random_baseline": 0.00036927621861152144,
      "improvement_factor": 2.0,
      "n_test_nodes": 2708
    },
    {
      "level": "中等",
      "method": "Baseline-Greedy",
      "accuracy": 0.08862629246676514,
      "precision@5": 0.23559822747415066,
      "precision@10": 0.3242245199409158,
      "precision@20": 0.43057607090103395,
      "mrr": 0.15779270481137098,
      "topk_curve": {
        "1": 0.08862629246676514,
        "2": 0.13552437223042835,
        "3": 0.17355982274741508,
        "4": 0.20310192023633677,
        "5": 0.23559822747415066,
        "6": 0.25590841949778437,
        "7": 0.2743722304283604,
        "8": 0.29394387001477107,
        "9": 0.30945347119645494,
        "10": 0.3242245199409158,
        "11": 0.33899556868537667,
        "12": 0.35413589364844905,
        "13": 0.3674298375184638,
        "14": 0.37961595273264404,
        "15": 0.3895864106351551,
        "16": 0.3999261447562777,
        "17": 0.4091580502215657,
        "18": 0.4154357459379616,
        "19": 0.4257754800590842,
        "20": 0.43057607090103395
      },
      "random_baseline": 0.00036927621861152144,
      "improvement_factor": 239.99999999999997,
      "n_test_nodes": 2708
    },
    {
      "level": "中等",
      "method": "Hungarian",
      "accuracy": 0.09859675036927622,
      "precision@5": 0.2514771048744461,
      "precision@10": 0.32680945347119644,
      "precision@20": 0.41174298375184637,
      "mrr": 0.17073356941949483,
      "topk_curve": {
        "1": 0.09859675036927622,
        "2": 0.163589364844904,
        "3": 0.20273264401772526,
        "4": 0.22821270310192024,
        "5": 0.2514771048744461,
        "6": 0.2658788774002954,
        "7": 0.28397341211225996,
        "8": 0.30022156573116693,
        "9": 0.31388478581979323,
        "10": 0.32680945347119644,
        "11": 0.3360413589364845,
        "12": 0.34268833087149186,
        "13": 0.353397341211226,
        "14": 0.36484490398818314,
        "15": 0.37259970457902514,
        "16": 0.3799852289512555,
        "17": 0.38884785819793205,
        "18": 0.397341211225997,
        "19": 0.4036189069423929,
        "20": 0.41174298375184637
      },
      "random_baseline": 0.00036927621861152144,
      "improvement_factor": 267.0,
      "n_test_nodes": 2708
    },
    {
      "level": "中等",
      "method": "Node-Features",
      "accuracy": 0.973781388478582,
      "precision@5": 0.9933530280649926,
      "precision@10": 0.9963072378138847,
      "precision@20": 0.9974150664697193,
      "mrr": 0.982998873254597,
      "topk_curve": {
        "1": 0.973781388478582,
        "2": 0.9881831610044313,
        "3": 0.991506646971935,
        "4": 0.9926144756277696,
        "5": 0.9933530280649926,
        "6": 0.9937223042836041,
        "7": 0.9951994091580503,
        "8": 0.9955686853766618,
        "9": 0.9959379615952733,
        "10": 0.9963072378138847,
        "11": 0.9966765140324964,
        "12": 0.9970457902511078,
        "13": 0.9970457902511078,
        "14": 0.9970457902511078,
        "15": 0.9970457902511078,
        "16": 0.9974150664697193,
        "17": 0.9974150664697193,
        "18": 0.9974150664697193,
        "19": 0.9974150664697193,
        "20": 0.9974150664697193
      },
      "random_baseline": 0.00036927621861152144,
      "improvement_factor": 2637.0,